,word,frequency
0,Paneer,11
1,Paratha,2
2,recipe,37
3,is,75
4,out,36
5,now,5
6,on,33
7,my,19
8,YouTube,10
9,channel!,5
10,Check,11
11,it,64
12,schezwan,2
13,paneer,8
14,paratha,1
15,a,107
16,Quesadilla,1
17,inspired,1
18,info,1
19,Chinese,4
20,which,16
21,super,4
22,easy,6
23,to,73
24,prep,1
25,&,55
26,turns,5
27,be,4
28,delicious.,1
29,Whole,1
30,wheat,3
31,"chapati,",1
32,"filling,",3
33,Frankie,1
34,masala,5
35,cheese!,1
36,the,85
37,#foodporn,12
38,#paratha,1
39,#indianfood,10
40,#streetfoodindia,8
41,#quesadilla,1
42,#quesadillas,1
43,#foodie,16
44,#foodpics,6
45,#mumbaistreetfood,4
46,#streetfood,14
47,#sanjyotkeer,10
48,yourfoodlab,10
49,Verified,40
50,Schezwan,1
51,out!,4
52,My,2
53,now!,4
54,#recipe,12
55,#yourfoodlab,10
56,2d,6
57,Bomb,3
58,Chaat,3
59,by,14
60,Chef,4
61,BOMB,2
62,CHAAT!!,2
63,What???,2
64,guys,3
65,went,2
66,crazy,2
67,after,2
68,I,31
69,shot,2
70,this,39
71,shared,4
72,stories.,2
73,So,7
74,finally,4
75,and,93
76,it‚Äôs,4
77,an,11
78,amazing,5
79,chaat,10
80,healthy,12
81,full,8
82,of,69
83,flavor.,2
84,Scooped,2
85,Boiled,2
86,Aloo,3
87,cups,5
88,filled,2
89,with,59
90,filling,4
91,topped,2
92,home,2
93,made,6
94,"chutneys,",3
95,flavor,5
96,bomb,6
97,too.,4
98,have,26
99,taken,2
100,inspiration,2
101,from,21
102,Kuliya,4
103,prepped,6
104,scooping,2
105,fruits,2
106,veggies,2
107,make,15
108,them,2
109,then,3
110,adding,2
111,it.,13
112,version,4
113,am,4
114,calling,2
115,Atom,3
116,because,2
117,looks,2
118,like,12
119,small,5
120,atom,2
121,in,43
122,true,2
123,sense!,2
124,NOW!,2
125,#chaat,2
126,#aloo,2
127,#aloorecipes,2
128,#chaatlover,2
129,#chaatlove,2
130,#indianstreetfood,5
131,#recipes,3
132,#inovation,2
133,#atombomb,2
134,#streetphotography,2
135,@sanjyotkeer,4
136,ATOM,2
137,You,5
138,Cheers!,9
139,4d,5
140,5d,3
141,Peri,4
142,Wrap,2
143,up,7
144,guys!,2
145,keep,2
146,asking,2
147,me,8
148,for,43
149,some,17
150,quick,3
151,recipes,2
152,one,14
153,beautiful,3
154,recipe.,3
155,peri,4
156,veggie,2
157,green,5
158,whole,3
159,wrap,2
160,"spinach,",2
161,garlic,7
162,dip,5
163,using,5
164,curd,2
165,not,6
166,mayo,2
167,hot,10
168,sauce,8
169,that,20
170,kick.,2
171,The,12
172,roll,4
173,comes,4
174,together,5
175,beautifully,3
176,tastes,2
177,incredible.,2
178,This,8
179,how,4
180,you,21
181,can,6
182,really,4
183,interesting,2
184,will,10
185,cater,2
186,your,27
187,street,4
188,food,4
189,cravings,2
190,Do,4
191,try,7
192,check,3
193,now.,2
194,Link,5
195,#indiancuisine,6
196,#wrap,2
197,#roll,2
198,#paneer,5
199,#paneerrecipes,4
200,#paneerlover,2
201,#paneerroll,2
202,Healthy,2
203,What‚Äôs,4
204,bio.,2
205,#instadaily,4
206,6d,4
207,1w,7
208,Rice,1
209,Recipe,1
210,channel,1
211,know,4
212,were,1
213,waiting,1
214,had,3
215,received,1
216,so,5
217,many,5
218,DMs,1
219,one.,1
220,all,18
221,yours.,1
222,prepared,3
223,Mexican,2
224,rice,3
225,2,13
226,ways.,1
227,first,3
228,pit,2
229,second,2
230,leftover,1
231,simple,4
232,prepare.,1
233,#mexicanfood,1
234,#mexicanrice,1
235,#mexicancuisine,1
236,#mexicanfoodporn,1
237,#foodphotography,3
238,#streetfoodmumbai,1
239,#indiaclicks,1
240,out!!!,1
241,#food,11
242,#foodstagram,2
243,Corn,4
244,crispy,10
245,corn,8
246,YFL,2
247,lot,8
248,times,2
249,such,2
250,get,5
251,wrong,2
252,times.,2
253,coating,2
254,frying,2
255,tricky,2
256,very,8
257,way,5
258,go,3
259,wrong.,2
260,Also,4
261,tossed,2
262,red,2
263,usually,2
264,we,7
265,restaurants.,2
266,speaking,2
267,"corn,",2
268,reminds,2
269,fries,2
270,gone,2
271,"viral,",2
272,has,9
273,over,6
274,50,3
275,million,2
276,views,2
277,Facebook,3
278,often,2
279,see,2
280,trick,2
281,being,3
282,tried,4
283,channels,2
284,feel,4
285,proud,2
286,about,3
287,thinking,2
288,redo,2
289,twists,2
290,"time,",2
291,let,5
292,comments,2
293,if,5
294,should,3
295,do,4
296,#corn,3
297,#sweetcorn,2
298,#cornrecipe,2
299,#homemade,6
300,#streetfoodlover,2
301,Crispy,3
302,perfect.,2
303,that!,2
304,#crispy,2
305,YouTube!,1
306,Onion,3
307,No,6
308,Garlic,4
309,Tikka,4
310,Masala,4
311,Guys!,2
312,receive,2
313,requests,2
314,prepare,2
315,no,7
316,onion,2
317,recipes.,2
318,"you,",2
319,beautiful.,2
320,included,2
321,starter,2
322,"recipe,",2
323,tikka,5
324,also,5
325,kickass,2
326,#foodiesofinstagram,5
327,#paneertikka,2
328,#paneertikkamasala,2
329,#resturant,2
330,#restuarantstyle,2
331,know!,2
332,#recipeoftheday,2
333,#noonionnogarlic,2
334,style,1
335,Restaurant,1
336,2w,1
337,Pav,9
338,Bhaji,3
339,At,7
340,Ganpati,1
341,Vada,1
342,"Bhaji,",1
343,Available,2
344,On,3
345,Swiggy,1
346,dilsefoodie,10
347,Mazedaar,1
348,Indrapuram,1
349,It's,2
350,Zomato.,1
351,#dilsefoodie,9
352,11h,1
353,South,1
354,Indian,2
355,Food,2
356,In,12
357,Jangpura,2
358,Extension,1
359,@veruanofficial,2
360,Our,3
361,New,4
362,Page,2
363,-,7
364,"#dilsecouple
1d",1
365,Best,1
366,Follow,2
367,@dilsecouple,1
368,Ke,3
369,Haath,1
370,Ki,1
371,Gol,2
372,Rotiya,1
373,Biwi,1
374,üíû.,2
375,1d,3
376,Wedding,1
377,Ceremony,1
378,She,2
379,Made,1
380,Sooji,1
381,Ka,2
382,Halwa,1
383,First,2
384,Time,2
385,Her,3
386,House,2
387,Well,2
388,Done,1
389,After,2
390,@sukirti.sdhana,1
391,üòç.,1
392,Review,1
393,With,4
394,üíû,1
395,Extension.,1
396,Bhi,1
397,Hai,3
398,Nikal,1
399,Le,1
400,Shaadi,2
401,Baad,1
402,Sab,1
403,Change,2
404,Ho,2
405,"Jayega,",1
406,Apni,1
407,Marji,1
408,Se,2
409,Bahar,1
410,Nahi,1
411,Jaa,1
412,"Payega,",1
413,Matlab,1
414,Barbadi,1
415,etc,2
416,sab,1
417,suna,1
418,hai,1
419,maine,1
420,pichle,1
421,ek,1
422,mahine,1
423,Your,3
424,Hand,1
425,Agar,1
426,Bonding,1
427,Achi,1
428,Understanding,1
429,"Ho,",1
430,Treat,1
431,Like,2
432,Special,1
433,One,1
434,And,2
435,Then,1
436,Will,1
437,Life,1
438,Good,1
439,Sense,1
440,Abhi,1
441,etc.,2
442,Yehi,1
443,se.,1
444,Only.,1
445,3d,4
446,Of,2
447,Momos,1
448,@brownmunde_india,1
449,Paschim,1
450,Koi,2
451,West,1
452,Delhi,4
453,To,2
454,Tag,3
455,Karo,1
456,Variety,1
457,Vihar,1
458,?,2
459,Chole,1
460,Kulche,1
461,From,2
462,Chawri,1
463,People,1
464,Don't,1
465,It,3
466,Because,1
467,High,1
468,Spice,1
469,Level.,1
470,But,2
471,Can,1
472,Customise,1
473,According,1
474,Lotan,1
475,Bazar,1
476,Many,1
477,Taste.,1
478,Making,4
479,ü•∞,1
480,Punjab,1
481,"Dairy,",1
482,Model,1
483,Town,1
484,Lover,1
485,Detailed,1
486,Video,1
487,:,4
488,Dil,1
489,Malai,2
490,2.,6
491,Full,1
492,Foodie,1
493,Ready,1
494,For,2
495,Chapter,1
496,Coming,1
497,Getting,1
498,@sukirti.sdhana.,1
499,Vlogs,1
500,Soon.,1
501,Onam,8
502,Sadya,1
503,meal,1
504,at,12
505,@sanadige,1
506,Rs,1
507,1599+,1
508,perfect,3
509,feast,1
510,multitude,1
511,homely,1
512,dishes,4
513,Kerala.,2
514,available,2
515,till,6
516,22nd,1
517,#sodelhi,6
518,#newdelhi,6
519,#foodtalkindia,6
520,#delhigram,6
521,#thali,1
522,#onam,1
523,#southindian,2
524,#southindianfood,2
525,#onamsadya,1
526,#kerala,1
527,#keralafood,1
528,#bangalore,2
529,#indianfoods,1
530,#bangalorefoodblogger,2
531,#mangalorefoodies,1
532,#keralafoodie,1
533,#kerala_diaries,1
534,#bangalorebloggers,2
535,#soulfood,1
536,#onamfood,1
537,#kochi,1
538,#delhifoodblogger,6
539,#indianfoodbloggers,5
540,#delhiblogger,2
541,#mumbaiblogger,2
542,foodie_incarnate,10
543,Enjoying,1
544,üòçüòç,1
545,Priced,1
546,August.ü§ó,1
547,#foodieincarnate,8
548,#foodblogger,5
549,15h,2
550,Khaja,1
551,watch,3
552,video,6
553,"location,",3
554,price,3
555,other,4
556,#foodgasm,3
557,#foodpornshare,3
558,#foodlover,3
559,#foodgram,4
560,#delhistreetfood,3
561,#delhifoodie,4
562,#indianfoodie,3
563,#desikhana,3
564,#indianfoodblogger,3
565,#delhifood,4
566,#mumbai,3
567,#delhi,6
568,#surat,1
569,Famous,2
570,Suratü§©ü§©,1
571,Kindly,3
572,detailsü§óü§ó,3
573,#khaja,1
574,Attack,1
575,channel.,3
576,#reelitfeelit,3
577,#reelkarofeelkaro,3
578,#reelsinstagram,3
579,#reels,3
580,#butter,2
581,#burger,1
582,#ghaziabad,1
583,Heart,1
584,Burgerüò±üò±,1
585,Watch,3
586,bioü§óü§ó,2
587,famous,4
588,Khali,3
589,Dose,3
590,rich,1
591,decadent,2
592,as,6
593,"buttery,",1
594,ghee,3
595,laden,1
596,dosa,4
597,or,8
598,Davangere,1
599,dose.,1
600,"contrary,",1
601,quite,1
602,simple.,1
603,Simple,1
604,it's,2
605,preperation,1
606,greets,1
607,palate.,1
608,While,1
609,well,2
610,"known,",1
611,khali,1
612,dose,1
613,relatively,1
614,lesser,1
615,known,1
616,but,2
617,share,2
618,aficionados.,1
619,most,6
620,shop,1
621,years,1
622,old,1
623,Hotel,1
624,Dwarka,1
625,NR,1
626,"colony,",1
627,Bangalore.,1
628,Must,1
629,are,6
630,#dosa,1
631,#dose,1
632,#nammabangalore,1
633,#nammabengaluru,1
634,#nammakarnataka,1
635,#bangalorefood,2
636,#bengaluru,1
637,#bangalorefoodies,1
638,#bangalorefoodie,1
639,#bangalore_diaries,1
640,#chennai,1
641,#mysuru,1
642,Most,1
643,Indiaüòçüòç,1
644,lover.‚ù§ü§ó,1
645,#sobangalore,1
646,TamTam,1
647,#vadodara,1
648,Factory,1
649,Vadodaraü§©ü§©,1
650,#namkeen,1
651,Cheese,7
652,ki,1
653,#cheese,3
654,Butter,4
655,Sabziü§≠ü§≠,1
656,#kolkata,2
657,Rasgulla,1
658,take,6
659,away,2
660,Monday,1
661,bluesü§©ü§©,1
662,friends,1
663,who,1
664,love,3
665,#desifood,1
666,#rasgulla,1
667,#bengali,1
668,#bengalifood,1
669,#foodism,1
670,#lockdown,1
671,#delhifoodblog,1
672,#goodfood,1
673,#sugarcoma,1
674,#dessertfirst,1
675,#indiansweets,1
676,#sugarrush,1
677,#sugarhigh,1
678,#dessertgram,1
679,#dessertaddict,1
680,#dessert,1
681,#sweettooth,1
682,Stuffed,2
683,itü§óü§ó,1
684,#Foodieincarnate,2
685,#mithai,1
686,Pheni,1
687,#eastdelhi,1
688,Epic,1
689,Delhiü§©ü§©,1
690,#pheni,1
691,Soybean,1
692,Gurudwara,1
693,Bangla,1
694,#gurudwara,1
695,#sikh,1
696,#sikhism,1
697,#waheguru,1
698,Sahibüôèüèªüôèüèª,1
699,bioü§ó,1
700,#langar,1
701,Impress?,1
702,"Sorry,",1
703,shoes,2
704,these,4
705,pair,2
706,fausto_online.,1
707,They,5
708,offer,1
709,great,1
710,comfort,2
711,affordable,1
712,price.,1
713,15,3
714,"days,",1
715,question,1
716,asked,1
717,return,1
718,#Fausto,1
719,#FaustoShoes,1
720,#formalshoes,1
721,#shoes,1
722,#mensshoes,1
723,#mensfashion,1
724,#fashion,1
725,#casualshoes,1
726,#leathershoes,1
727,#sneakers,1
728,#mensstyle,1
729,#loafers,1
730,#menswear,1
731,#menshoes,1
732,#formalshoesformen,1
733,#shoesaddict,1
734,#dressshoes,1
735,#footwear,1
736,#shoesforsale,1
737,#sportsshoes,1
738,#formal,1
739,#shoesformen,1
740,#formalwear,1
741,#shoestyle,1
742,#boots,1
743,#onlineshopping,1
744,#style,1
745,#leather,1
746,#classicshoes,1
747,Dress,1
748,talking!,1
749,Got,1
750,policy!,1
751,@fausto_online,1
752,Pepper,4
753,Chicken,5
754,preparations,1
755,Andhra,3
756,Delicacy.,1
757,Make,4
758,hassle,1
759,free,1
760,"pre-cut,",1
761,pre-cleaned,1
762,ready,3
763,use,3
764,chicken,12
765,@myfreshtohome.,1
766,Now,1
767,don‚Äôt,1
768,need,4
769,step,1
770,apne,1
771,aap,1
772,"se,",1
773,easily,1
774,buy,1
775,‚ÄúFresh,1
776,Home‚Äù,1
777,app,1
778,se,1
779,#Freshstart,1
780,Fresh,4
781,":
For",1
782,Marination,1
783,gm,3
784,"Pre-cut,",2
785,Pre-cleaned,2
786,Lemon,1
787,tbsp,7
788,Ginger,2
789,tsp,20
790,Turmeric,1
791,Cooking,1
792,Fennel,3
793,Cumin,3
794,Green,4
795,"Onion
1",1
796,Seed,2
797,Black,2
798,cup,17
799,Curry,1
800,":

In",1
801,bowl,5
802,add,12
803,500,2
804,@myfreshtohome,2
805,marinate,1
806,20,1
807,heated,2
808,pan,1
809,"oil,",1
810,Add,11
811,seeds,1
812,Seeds,3
813,Chillies,3
814,wait,1
815,temper.,1
816,cook,4
817,becomes,1
818,Marinated,1
819,pan.,1
820,Stir,1
821,high,1
822,flame,2
823,minutes,6
824,powdered,1
825,spices,1
826,Mix,4
827,1/4,3
828,water,3
829,medium,4
830,low,2
831,cooked,2
832,curry,1
833,leaves,2
834,coriander,2
835,another,1
836,2-3,2
837,Coriander,2
838,Leaves.,1
839,dilicious,1
840,served,2
841,favourite,2
842,Roti,1
843,Rice.,1
844,#freshstart,1
845,Home,2
846,#chicken,2
847,#chickenrecipes,1
848,#andhrapepperchicken,1
849,#easyrecipes,1
850,#fresh,1
851,#freshtohome,1
852,#foodrushrecipe,3
853,foodrush.recipe,10
854,!!!,7
855,Ingredients,2
856,1/2,13
857,Juice,1
858,1,19
859,Paste,2
860,Powder,4
861,Salt,5
862,Oil,3
863,Water,3
864,10-15,1
865,Leaves,1
866,Method,1
867,ingredients.,1
868,__,5
869,translucent.,1
870,well.,4
871,Flame.,1
872,Once,3
873,flame.,1
874,Garnish,1
875,8h,1
876,staring,2
877,screen,2
878,day,6
879,"good,",2
880,"strong,",2
881,foamy,2
882,cuppa?,2
883,Sunbean,2
884,Beaten,2
885,Caffe,2
886,"@itcsunbean,",2
887,beaten,2
888,coffee,6
889,30,5
890,seconds!,2
891,more,3
892,whipping,2
893,elbows,2
894,hurt!,2
895,A,4
896,bad,2
897,better,3
898,than,2
899,good,2
900,without,2
901,#Sunbeanbeatencaffe,2
902,#BeatenCoffee,2
903,#easycoffeeeasytimes,2
904,#dalgonacoffee,2
905,#coffee,2
906,#coffeelover,2
907,#coffeetime,2
908,Tired,2
909,!,2
910,"#BeatenCoffeeHack,",2
911,#coffeeholic,2
912,13w,2
913,Bonda,1
914,twist,1
915,regular,1
916,bonda!!!,1
917,Try,1
918,yet,4
919,tasty,2
920,enjoy,1
921,weekend,1
922,Tomato,1
923,üòÄ,2
924,22w,1
925,bhaji,6
926,best,2
927,ever,4
928,tasted.,2
929,We,2
930,just,8
931,serve,3
932,convenient,2
933,cheesy,4
934,@gocheesein,2
935,üòãThis,2
936,specially,2
937,cheese,3
938,lovers,3
939,there,3
940,cause,2
941,#HarTastyCheezMeinGoCheese,2
942,Refined,2
943,Warm,2
944,Pizza,6
945,warm,3
946,milk,4
947,sugar,2
948,yeast,2
949,rest,2
950,10,2
951,minutes.,8
952,mixture,4
953,become,3
954,bubbly,2
955,refined,2
956,flour.,2
957,salt,2
958,flour,2
959,combine,2
960,soft,3
961,dough.,2
962,Rest,3
963,doubles,2
964,pav,2
965,grated,2
966,Go,6
967,Cheese.,2
968,dough,2
969,Cut,2
970,circles,2
971,sheet,2
972,help,2
973,cookie,3
974,shape,2
975,shown,2
976,shapes,2
977,form,2
978,flower,2
979,between,2
980,two,5
981,@200,2
982,degree,2
983,15-20,2
984,ketchup!!!,2
985,#pavbhaji,2
986,#cheesy,2
987,#gocheese,2
988,#bakery,2
989,#bread,3
990,#twist,2
991,#party,2
992,Ingredients:,2
993,Flour,2
994,Milk,2
995,Yeast,2
996,Sugar,2
997,Method:,3
998,size.,2
999,‚Äî,21
1000,Puncture,2
1001,cutter.,2
1002,Spread,2
1003,video.,2
1004,Arrange,2
1005,petals.,2
1006,Bake,2
1007,Serve,3
1008,30w,3
1009,Bread,1
1010,Pakora,1
1011,Sound,1
1012,exciting,2
1013,"right,",1
1014,its,2
1015,bite,1
1016,üòã,3
1017,#pakora,1
1018,#fried,2
1019,#breadpakoda,1
1020,#masala,1
1021,#streetstyle,1
1022,#india,1
1023,#indian,1
1024,new,2
1025,year,1
1026,foodies!!,1
1027,ü•≥ü•≥ü•≥Try,1
1028,Hot,3
1029,Chocolate,1
1030,Bombs,1
1031,winter,1
1032,comfortable,1
1033,üòâ,1
1034,These,1
1035,magical,1
1036,chocolate,8
1037,bombs,1
1038,melt,3
1039,üòã#newyear,1
1040,#chocolate,1
1041,#coco,1
1042,#cocoa,1
1043,#bombs,1
1044,#chocolatebomb,1
1045,#hotchocolate,1
1046,#winter,1
1047,#winterseason,1
1048,#magic,1
1049,Happy,1
1050,33w,3
1051,chilli,3
1052,Want,1
1053,plan,1
1054,easier,1
1055,fastest,1
1056,Year,1
1057,eve,1
1058,simplest,1
1059,tastier,1
1060,indo,1
1061,#egg,1
1062,#indochinese,1
1063,#chinese,1
1064,#chinesefood,1
1065,#fusion,1
1066,#chilli,1
1067,#newyear,1
1068,#newyear2021,1
1069,Egg,1
1070,#newyeareve,1
1071,mouthwatering,2
1072,juicy,2
1073,grilled,3
1074,Its,1
1075,"chilli,",1
1076,"garlic,",1
1077,"lemon,",1
1078,malai,1
1079,special,4
1080,ingredient,1
1081,thats,1
1082,@californiawalnutsindia,1
1083,Walnuts,3
1084,makes,2
1085,taste,3
1086,healthier,1
1087,kebab,1
1088,skewers,1
1089,mouth,1
1090,":
500",1
1091,California,3
1092,Hung,1
1093,Garam,1
1094,Kasuri,1
1095,Chopped,1
1096,"salt,",2
1097,black,1
1098,pepper,1
1099,ginger,1
1100,paste.,1
1101,fine,1
1102,paste,1
1103,hung,1
1104,"curd,",1
1105,fresh,4
1106,"cream,",1
1107,"chillies,",1
1108,kauri,1
1109,"methi,",1
1110,walnuts,2
1111,"paste,",1
1112,cornstarch.,1
1113,marinated,1
1114,coat,1
1115,pieces,2
1116,mixture.,1
1117,coal,2
1118,cover,1
1119,immediately.,1
1120,Let,1
1121,covered,1
1122,chopped,1
1123,mix,1
1124,into,2
1125,skewer.,1
1126,Grill,1
1127,around,1
1128,5-10,1
1129,lemon,1
1130,juice,1
1131,garnish,1
1132,cream,2
1133,chutney,1
1134,#californiawalnuts,1
1135,#grill,1
1136,#malaichicken,1
1137,1.5,1
1138,3/4,1
1139,Curd,1
1140,Cream,1
1141,Methi,1
1142,Starch,1
1143,Finely,1
1144,Marinate,1
1145,walnuts.,1
1146,Place,1
1147,Remove,1
1148,again.,1
1149,Thread,1
1150,Squeeze,1
1151,coriander.,1
1152,#MakingEverydayHealthy,1
1153,#Gurugram,1
1154,@petitepieshop.in,2
1155,300,1
1156,types,1
1157,pastry-pie,1
1158,exists,1
1159,across,1
1160,cuisines?,1
1161,here,1
1162,they,2
1163,pie,1
1164,every,1
1165,mood.,1
1166,delicious,3
1167,fig,1
1168,almond,2
1169,tart,1
1170,"flaky,",1
1171,"warm,",1
1172,croissant,1
1173,sandwiches,1
1174,much,1
1175,more.,2
1176,opened,1
1177,their,7
1178,doors,2
1179,everyday,1
1180,8:00am,1
1181,10:00pm,1
1182,"dine-in,",1
1183,delivery,1
1184,takeaway,1
1185,üòÅ,1
1186,foodtalkindia,10
1187,#NewInTown,3
1188,ü•ß,1
1189,Did,1
1190,@worldmarkgurgaon,1
1191,Open,1
1192,üç¥,1
1193,14h,1
1194,#OnamSadhya,1
1195,dozen,1
1196,laid,2
1197,banana,2
1198,"leaf,",1
1199,Sadhya,2
1200,sensory,1
1201,experience,1
1202,sure.,1
1203,5,3
1204,places,1
1205,doing,6
1206,extravagant,2
1207,sadhya,1
1208,right:,1
1209,"@mahabelly,",1
1210,Delhi:,1
1211,Kerala,1
1212,restaurant,1
1213,cooking,1
1214,storm,1
1215,comprising,1
1216,22,1
1217,leaf.,1
1218,sure,1
1219,huge,1
1220,"@jwmarriottjuhu,",1
1221,Mumbai:,2
1222,Saffron,1
1223,JW,1
1224,Marriott,1
1225,sumptuous,1
1226,sadya,2
1227,transport,1
1228,straight,1
1229,God‚Äôs,1
1230,own,1
1231,"@naironfireindia,",1
1232,Experience,1
1233,majesty,1
1234,unique,1
1235,"@kckfoods,",1
1236,Bengaluru,1
1237,Chennai:,1
1238,spread,2
1239,arrives,1
1240,steel,1
1241,containers,1
1242,packed,3
1243,kind,1
1244,relative,1
1245,"@zambarofficial,",1
1246,Gurgaon:,1
1247,enticing,1
1248,lavish,1
1249,26,1
1250,dishes!,1
1251,you‚Äôre,1
1252,mood,1
1253,"feast,",1
1254,order,1
1255,#LetsTalk,1
1256,üçΩ,1
1257,Over,2
1258,ü§§üòç,1
1259,Hers,1
1260,1.,5
1261,appetite.,1
1262,country.,1
1263,3.,5
1264,@naironfireindia.,1
1265,4.,4
1266,5.,4
1267,"So,",1
1268,#Rakhi,2
1269,win,2
1270,brownie,1
1271,points,1
1272,Raksha,1
1273,Bandhan,1
1274,present,1
1275,"sibling,",1
1276,Look,1
1277,further!,1
1278,We've,1
1279,put,1
1280,guide,1
1281,task,1
1282,tad,1
1283,bit,1
1284,easier:,1
1285,@rosarte.chocolate,1
1286,offering,1
1287,exquisite,1
1288,selection,1
1289,Belgian,2
1290,single,1
1291,origin,1
1292,bakes,1
1293,Rosarte‚Äôs,1
1294,signature,2
1295,gift,8
1296,"boxes,",3
1297,hampers,2
1298,baskets!,1
1299,Location:,10
1300,@le15india,1
1301,wide,1
1302,range,2
1303,rakhi,4
1304,boxes,2
1305,yummy,1
1306,cupcakes,1
1307,macaroons.,1
1308,@tobehonestfoods,1
1309,cute,1
1310,nostalgic,1
1311,goodies,1
1312,hamper,2
1313,sibling,1
1314,trip,1
1315,down,1
1316,memory,1
1317,lane.,1
1318,Pan,1
1319,@caarafood,1
1320,limited,1
1321,edition,1
1322,edit,1
1323,collection,2
1324,brother,1
1325,sister,1
1326,collaboration,1
1327,@ikkis.21,1
1328,@holybelly_foodboutique,1
1329,gourmet,2
1330,classic,1
1331,French,1
1332,patisserie,1
1333,handcrafted,3
1334,breads,1
1335,dessert,1
1336,must,1
1337,haves.,1
1338,@theobromapatisserie,1
1339,assortment,1
1340,Mini,1
1341,"Brownies,",1
1342,along,1
1343,ceremonial,1
1344,"kumkum,",1
1345,rakhis.,1
1346,It‚Äôs,2
1347,stories,1
1348,pre-orders!,1
1349,"Mumbai,",1
1350,"NCR,",1
1351,Pune,1
1352,@miampatisserie,1
1353,designed,2
1354,box,5
1355,Rakhi,3
1356,you‚Äôll,1
1357,"find,",1
1358,dark,2
1359,orange,1
1360,loaf,1
1361,"cake,",1
1362,salted,1
1363,caramel,1
1364,centred,1
1365,chip,2
1366,"cookies,",1
1367,pack,1
1368,granola.,1
1369,@krishicress,1
1370,loved,1
1371,ones,2
1372,created,1
1373,Gift,1
1374,each,2
1375,blue,1
1376,pottery,1
1377,rakhi!,1
1378,Location:Delhi,1
1379,@meethi_bywokintheclouds,1
1380,curated,2
1381,consist,1
1382,handpicked,1
1383,"rakhis,",1
1384,ornamental,1
1385,teeka,1
1386,"box,",1
1387,assorted,1
1388,mithai,1
1389,handmade,1
1390,drop,1
1391,chocolates,1
1392,gold,1
1393,glass,2
1394,jar.,1
1395,Head,1
1396,meethi.in,1
1397,place,2
1398,orders.,1
1399,@bili.hu.coffees,1
1400,x,2
1401,@darimafarms,1
1402,@pieassimpleas,1
1403,come,2
1404,Bili,1
1405,Hu,1
1406,Cold,1
1407,brew,1
1408,"bag,",1
1409,zarai,1
1410,gruyere,1
1411,"cheese,",1
1412,granola,1
1413,"Jar,",1
1414,cookies,4
1415,rakhis!,1
1416,#HotFind,2
1417,üéÅ,2
1418,Looking,1
1419,Delhi.,5
1420,Mumbai.,4
1421,India.,1
1422,6.,1
1423,Hyderabad.,1
1424,7.,1
1425,8.,1
1426,NCR.,2
1427,9.,1
1428,10.,1
1429,ü§§#Potato,1
1430,"baked,",1
1431,"boiled,",1
1432,mashed,1
1433,"roasted,",1
1434,humble,1
1435,"potato,",1
1436,versatile,1
1437,vegetable,1
1438,never,1
1439,fails,1
1440,hit,1
1441,spot.,1
1442,Here,1
1443,few,1
1444,potato,1
1445,us,3
1446,scream,1
1447,BELOW,1
1448,AND,1
1449,TELL,1
1450,US,1
1451,YOUR,1
1452,"@pinterestindia
1d",1
1453,#FoodThatIsBetterThanSex,1
1454,üòçü•î,1
1455,"Fried,",1
1456,delight!,1
1457,COMMENT,1
1458,FAVOURITES!,1
1459,üì∏:,1
1460,basic,1
1461,indulge,1
1462,cool,1
1463,experiences,1
1464,Become,1
1465,wine,8
1466,snob,1
1467,@sonalholland_masterofwine,1
1468,‚Äòs,2
1469,pro,2
1470,"course,",1
1471,understanding,1
1472,what,4
1473,"is,",1
1474,tips,1
1475,read,1
1476,labels,1
1477,wines,1
1478,food.,1
1479,Italian,1
1480,brunch,1
1481,cook-off,1
1482,hosted,1
1483,@foodhallcookerystudio,1
1484,head,1
1485,link,1
1486,bio,1
1487,book,1
1488,sibling.,1
1489,Train,1
1490,professional,1
1491,taster,1
1492,@kocoatrait,1
1493,foundation,1
1494,course.,1
1495,An,2
1496,ideal,1
1497,"lover,",1
1498,@smthingsbrewing,1
1499,one-stop-shop,1
1500,things,2
1501,"coffee,",1
1502,specialty,1
1503,high-quality,1
1504,Finum,1
1505,double,1
1506,wall,1
1507,"lid,",1
1508,Raise,1
1509,toast,1
1510,taking,1
1511,bartending,1
1512,workshop,1
1513,mixology,1
1514,Skyy,1
1515,John,1
1516,person,1
1517,behind,1
1518,"channel,",1
1519,@tipsybartender,1
1520,Skip,1
1521,sibling:,1
1522,#Mumbai,1
1523,contemporary,1
1524,haveli,1
1525,replaced,1
1526,iconic,1
1527,Pali,3
1528,Village,2
1529,Cafe,1
1530,feels,1
1531,less,1
1532,"restaurant,",1
1533,"well-travelled,",1
1534,nomadic,1
1535,tastemaker's,1
1536,airy,1
1537,bungalow,1
1538,somewhere,1
1539,Rajasthan.,1
1540,Joshi,1
1541,"House,",1
1542,"Cafe,",1
1543,serves,1
1544,only,1
1545,wine.,1
1546,extensive,2
1547,list,1
1548,culminates,1
1549,pageful,1
1550,"approachable,",1
1551,playful,1
1552,"cocktails,",1
1553,white,2
1554,slightly,1
1555,savoury,1
1556,infusing,1
1557,kadipatta,1
1558,sparkling,1
1559,spiked,1
1560,hazelnut,1
1561,vanilla.,1
1562,menu,2
1563,features,1
1564,plates,1
1565,"large,",1
1566,something,1
1567,everyone.,1
1568,Here‚Äôs,1
1569,sneak,1
1570,peak,1
1571,Khasta,1
1572,kachori,1
1573,blanketed,1
1574,mutton,1
1575,"kheema,",1
1576,"unctuous,",1
1577,throat-tingling,1
1578,nihari,1
1579,On-the-shell,1
1580,lobster,1
1581,"Shetty,",1
1582,lavished,1
1583,seems,1
1584,lovechild,1
1585,roast,1
1586,Japanese-Lebanese,1
1587,pastiche,1
1588,miso-glazed,1
1589,eggplant,1
1590,billow,1
1591,labneh,1
1592,cumin-caramelised,1
1593,Opera,1
1594,matcha,1
1595,sponge,1
1596,mango-passionfruit,1
1597,Ghewar,1
1598,sandwiched,1
1599,piped,1
1600,saffron,1
1601,rabri,1
1602,cremeux,1
1603,Plot,1
1604,Number,1
1605,"602,",1
1606,Dr,1
1607,Ambedkar,1
1608,"Road,",1
1609,"Naka,",1
1610,Bandra,1
1611,"West,",1
1612,@joshihouse,1
1613,menu:,1
1614,jus.,1
1615,gassi.,1
1616,carrots.,1
1617,jelly.,1
1618,pistachios.,1
1619,Address:,1
1620,#BeerSoakedGrilledCheese,1
1621,large,2
1622,lager,1
1623,tsp.,1
1624,Pinch,1
1625,4,2
1626,slices,3
1627,tbsp.,1
1628,shredded,1
1629,6,1
1630,"bacon,",1
1631,shallow,1
1632,"dish,",1
1633,whisk,1
1634,"eggs,",1
1635,"beer,",1
1636,"powder,",1
1637,powder.,1
1638,"bread,",1
1639,soaking,1
1640,seconds.,1
1641,skillet,1
1642,"heat,",1
1643,tablespoons,1
1644,butter.,1
1645,soaked,1
1646,bread,1
1647,Flip,1
1648,"one,",1
1649,top,1
1650,half,1
1651,cheddar,2
1652,bacon.,1
1653,Sandwich,1
1654,remaining,1
1655,slice,1
1656,bread.,1
1657,Cook,1
1658,until,1
1659,sandwich,1
1660,deeply,1
1661,"golden,",1
1662,per,1
1663,side.,1
1664,Repeat,1
1665,"@delish
3d",1
1666,#InTheKitchen,1
1667,üßÄüç∫,1
1668,INGREDIENTS,1
1669,*,11
1670,eggs,1
1671,beer,1
1672,powder,2
1673,sourdough,1
1674,butter,1
1675,DIRECTIONS,1
1676,sandwich.,1
1677,Credits:,1
1678,"üî•üå∂

Spice",1
1679,that'll,1
1680,nose,1
1681,"run,",1
1682,eyes,1
1683,"water,",1
1684,heart,1
1685,yearn!,1
1686,brands,1
1687,Offers,2
1688,three,1
1689,variants,2
1690,"Original,",1
1691,Smoky,2
1692,"Bhoot,",1
1693,Kantha,1
1694,Bomb.,1
1695,go-to,2
1696,Bhoot,1
1697,profile,1
1698,that's,1
1699,built,1
1700,base,1
1701,"celery,",1
1702,"onions,",1
1703,fiery,1
1704,Bhut,2
1705,Jolokia,2
1706,Habanero,1
1707,Premium,1
1708,Wood-Aged,1
1709,Their,1
1710,popular,1
1711,spicy,2
1712,sauces,2
1713,include,1
1714,Cranberry,1
1715,Ghost,2
1716,"Chili,",2
1717,Super,1
1718,Honey,1
1719,Boom,1
1720,"Boom,",1
1721,Boom.,1
1722,"Baconite,",1
1723,India‚Äôs,1
1724,bacon,1
1725,"it,",1
1726,homemade,3
1727,artisanal,1
1728,wok,1
1729,"sauces,",2
1730,spice,1
1731,"mixes,",1
1732,"marinades,",1
1733,:They,1
1734,embrace,1
1735,flavors,1
1736,aromas,1
1737,cuisine.,1
1738,retail,1
1739,six,1
1740,sauces‚ÄîBambaiyya,1
1741,Hari,1
1742,"Chutney,",2
1743,"Sauce,",3
1744,Chilli,2
1745,Imli,1
1746,Makhani,1
1747,Mango,1
1748,missed,1
1749,any?,1
1750,Comment,1
1751,tell,1
1752,#HotFinds,1
1753,#BOMBüí£,1
1754,@naaginsauce,1
1755,garlic!,1
1756,@spriggourmet,1
1757,sauce!,1
1758,@eldiablosauces,1
1759,bomb!,1
1760,@not_just_hot_saucesandmore,1
1761,@picosauces,1
1762,Sauce.,1
1763,Have,1
1764,#AddToCart.,1
1765,#FTIFindOfTheMonth,1
1766,bits,1
1767,end,1
1768,ice,1
1769,cones,1
1770,could,1
1771,enough,1
1772,"of,",1
1773,@wafflehouse_in,3
1774,those,1
1775,flavours,1
1776,"chocolate,",3
1777,"butterscotch,",1
1778,choco,1
1779,dipped,1
1780,lucky,1
1781,stand,1
1782,chance,1
1783,heavenly,2
1784,"product,",1
1785,here‚Äôs,1
1786,Tell,1
1787,what‚Äôs,1
1788,favorite,1
1789,Waffle,1
1790,fellow,1
1791,waffle,5
1792,you‚Äôd,1
1793,with!,1
1794,waffles,1
1795,"batter,",1
1796,loaded,1
1797,about!,1
1798,Aside,1
1799,insane,1
1800,"chips,",1
1801,"chocolates,",1
1802,pancake,1
1803,premixes,1
1804,sauces.,1
1805,Everything,1
1806,freshly,1
1807,100,1
1808,varieties,1
1809,choose,1
1810,contest,1
1811,open,2
1812,PAN,1
1813,India,1
1814,closes,1
1815,16th,1
1816,"August,",1
1817,12,1
1818,#GIVEAWAYALERT,1
1819,Small,1
1820,do:,1
1821,flavour?,1
1822,made!,1
1823,from!,1
1824,PS.,1
1825,PM.,1
1826,#Delhi,1
1827,@the_pit_by_hman,2
1828,been,1
1829,our,1
1830,juiciest,1
1831,"ribs,",1
1832,"steaks,",1
1833,meat!,1
1834,cozy,1
1835,8-seater,1
1836,grill,1
1837,counter,1
1838,joint,1
1839,going,2
1840,"big,",1
1841,welcome,1
1842,addition,1
1843,city‚Äôs,1
1844,dining,1
1845,scene.,1
1846,Pit,1
1847,name,2
1848,suggests,1
1849,live,1
1850,BBQ,1
1851,capital,1
1852,"witness,",1
1853,we‚Äôre,1
1854,talking,1
1855,"hogs,",1
1856,"t-bones,",1
1857,"briskets,",1
1858,slow,1
1859,"cooking,",1
1860,smoking,1
1861,meat,2
1862,"hours,",1
1863,wholesome,1
1864,messy,1
1865,perfection.,1
1866,14th,1
1867,August,1
1868,Basant,1
1869,Lok,1
1870,"Market,",1
1871,Priya,1
1872,Complex.,1
1873,calendars,1
1874,ü•©ü•ìüçñüçî,1
1875,@hman_bbq,1
1876,few!,1
1877,Mark,1
1878,üóì,1
